,name,net_replenishment_time,max_guaranteed_LT,processing_time,replenishment_LT,guaranteed_LT,z,average_demand,sigma,h,b,capacity,x,y
0,Manuf_0001,0.0,0.0,10.0,0.0,0.0,1.6448536269514722,298.0,36.63365119667981,65.0,565.2,2980.0,176,32
1,Manuf_0002,0.0,0.0,10.0,0.0,0.0,1.6448536269514722,120.0,2.23606797749979,62.0,539.2,1200.0,176,96
2,Part_0001,0.0,0.0,28.0,0.0,0.0,1.6448536269514722,418.0,36.701831016994234,12.0,104.4,4180.0,32,32
3,Part_0002,0.0,0.0,15.0,0.0,0.0,1.6448536269514722,418.0,36.701831016994234,5.0,43.5,4180.0,32,96
4,Part_0003,0.0,0.0,10.0,0.0,0.0,1.6448536269514722,418.0,36.701831016994234,9.0,78.3,4180.0,32,160
5,Retail_0001,0.0,0.0,0.0,0.0,0.0,1.6448536269514722,253.0,36.62,65.0,565.2,2530.0,304,32
6,Retail_0002,0.0,0.0,0.0,0.0,0.0,1.6448536269514722,45.0,1.0,127.0,1104.4,450.0,304,96
7,Retail_0003,0.0,0.0,0.0,0.0,0.0,1.6448536269514722,75.0,2.0,62.0,539.2,750.0,304,160
