,name,service,pickup,delivery,time_windows,location,location_index,skills,priority
0,合同会社藤本建設,1068,[56],[244],"[[10820, 12620], [33575, 35375]]","[140.37645821,35.73859296]",0,"[0,1]",9
1,有限会社西之園運輸,852,[75],[229],"[[8151, 9951], [21049, 22849]]","[140.26801893,35.69354415]",1,"[0,1]",9
2,株式会社村山印刷,1090,[100],[683],"[[753, 2553], [27719, 29519]]","[140.07757664,35.654959999999996]",2,[0],7
3,青田印刷合同会社,998,[70],[849],"[[11742, 13542], [19888, 21688]]","[139.85405777,35.14919189]",3,[0],6
4,合同会社山田水産,1162,[87],[608],"[[1110, 2910], [24285, 26085]]","[140.36806495,35.77641112]",4,[0],9
