,name,service,pickup,delivery,time_windows,location,location_index,skills,priority
0,合同会社藤本建設,1031,[51],[493],"[[1478, 33878]]","[139.09337859,36.39980374]",0,[0],43
1,有限会社西之園運輸,1056,[50],[107],"[[1337, 33737]]","[139.08514937,36.40485589]",1,[0],76
2,株式会社村山印刷,1142,[67],[419],"[[515, 32915]]","[138.94727271,36.26029399]",2,[0],26
3,青田印刷合同会社,671,[58],[929],"[[3012, 35412]]","[139.02441155,36.39847732]",3,[0],52
4,合同会社山田水産,987,[74],[634],"[[2840, 35240]]","[139.05307389,36.24164137]",4,[0],80
