,name,zip,都道府県,市区町村,大字,location
0,合同会社藤本建設,2860114,千葉県,成田市,本城,"[140.37645821,35.73859296]"
1,有限会社西之園運輸,2850053,千葉県,佐倉市,下勝田,"[140.26801893,35.69354415]"
2,株式会社村山印刷,2620021,千葉県,千葉市花見川区,花園町,"[140.07757664,35.654959999999996]"
3,青田印刷合同会社,2991902,千葉県,安房郡鋸南町,保田,"[139.85405777,35.14919189]"
4,合同会社山田水産,2820021,千葉県,成田市,駒井野（成田国際空港内）,"[140.36806495,35.77641112]"
5,有限会社吉田食品,2992416,千葉県,南房総市,富浦町青木,"[139.8874225,35.06991256]"
6,有限会社青山鉱業,2700001,千葉県,松戸市,幸田,"[139.92525888,35.84571653]"
7,有限会社喜嶋建設,2720134,千葉県,市川市,入船,"[139.92142527,35.67868735]"
8,有限会社工藤水産,2830048,千葉県,東金市,幸田,"[140.38179168,35.53855767]"
