,amount,pickup_point,pickup_service,pickup_time_windows,pickup_location,pickup_index,delivery_point,delivery_service,delivery_time_windows,delivery_location,delivery_index,skills,priority
0,[38],有限会社吉田食品,744,"[[914, 33314]]","[139.52925970,36.23242288]",5,山岸農林株式会社,881,"[[2268, 34668]]","[139.28101286,36.322793299999994]",10,[0],87
1,[13],有限会社青山鉱業,729,"[[907, 33307]]","[138.97648824,36.51154021]",6,浜田保険有限会社,778,"[[2052, 34452]]","[139.07179880,36.42339777]",11,[0],94
2,[73],有限会社喜嶋建設,1183,"[[1514, 33914]]","[138.80909735,36.36814698]",7,野村建設有限会社,876,"[[2468, 34868]]","[138.85486672,36.627978399999996]",12,[0],96
3,[10],有限会社工藤水産,1108,"[[398, 32798]]","[139.01235432,36.66798864]",8,山岸電気有限会社,854,"[[2362, 34762]]","[139.05056859,36.38034437]",13,[0],86
4,[76],津田情報株式会社,990,"[[580, 32980]]","[139.00624038,36.32284973]",9,株式会社三宅印刷,957,"[[3039, 35439]]","[139.30626213,36.28131618]",14,[0],13
