,name,start,start_index,end,end_index,capacity,time_window,skills,breaks
0,truck0,"[138.70277151,35.66712215]",40,"[138.70277151,35.66712215]",40,[4865],"[0, 56000]",[0],[]
1,truck1,"[138.52574751,35.66559994]",41,"[138.52574751,35.66559994]",41,[4865],"[0, 56000]",[0],[]
2,truck2,"[138.70277151,35.66712215]",40,"[138.70277151,35.66712215]",40,[4865],"[0, 56000]",[0],[]
3,truck3,"[138.52574751,35.66559994]",41,"[138.52574751,35.66559994]",41,[4865],"[0, 56000]",[0],[]
4,truck4,"[138.70277151,35.66712215]",40,"[138.70277151,35.66712215]",40,[4865],"[0, 56000]",[0],[]
5,truck5,"[138.52574751,35.66559994]",41,"[138.52574751,35.66559994]",41,[4865],"[0, 56000]",[0],[]
