,name,start,start_index,end,end_index,capacity,time_window,skills,breaks
0,truck0,"[138.16555059,36.61737315]",15,"[138.16555059,36.61737315]",15,[4767],"[0, 36000]",[0],[0]
1,truck1,"[138.16555059,36.61737315]",15,"[138.16555059,36.61737315]",15,[4767],"[0, 36000]",[0],[0]
