,name,start,start_index,end,end_index,capacity,time_window,skills,breaks
0,truck0,"[139.62111944,35.47383782]",15,"[139.62111944,35.47383782]",15,[4767],"[0, 36000]","[0,1]",[]
1,truck1,"[139.62111944,35.47383782]",15,"[139.62111944,35.47383782]",15,[4767],"[0, 36000]",[0],[]
