,name,start,start_index,end,end_index,capacity,time_window,skills,breaks
0,truck0,"[139.40116493,35.92361761]",30,"[139.40116493,35.92361761]",30,[3085],"[0, 36000]",[0],[1]
1,truck1,"[139.40116493,35.92361761]",30,"[139.40116493,35.92361761]",30,[3085],"[0, 36000]",[0],[1]
2,truck2,"[139.40116493,35.92361761]",30,"[139.40116493,35.92361761]",30,[3085],"[0, 36000]","[0,1]",[1]
3,truck3,"[139.40116493,35.92361761]",30,"[139.40116493,35.92361761]",30,[3085],"[0, 36000]",[0],[1]
4,truck4,"[139.40116493,35.92361761]",30,"[139.40116493,35.92361761]",30,[3085],"[0, 36000]","[0,1]",[1]
5,truck5,"[139.40116493,35.92361761]",30,"[139.40116493,35.92361761]",30,[3085],"[0, 36000]",[0],[1]
6,truck6,"[139.40116493,35.92361761]",30,"[139.40116493,35.92361761]",30,[3085],"[0, 36000]","[0,1]",[1]
