,name,start,start_index,end,end_index,capacity,time_window,skills,breaks
0,truck0,"[137.84583125,35.49804494]",30,[],,[3085],"[0, 36000]",[0],[]
1,truck1,"[137.84583125,35.49804494]",30,[],,[3085],"[0, 36000]",[0],[]
2,truck2,"[137.84583125,35.49804494]",30,[],,[3085],"[0, 36000]","[0,1]",[]
3,truck3,"[137.84583125,35.49804494]",30,[],,[3085],"[0, 36000]",[0],[]
4,truck4,"[137.84583125,35.49804494]",30,[],,[3085],"[0, 36000]","[0,1]",[]
5,truck5,"[137.84583125,35.49804494]",30,[],,[3085],"[0, 36000]",[0],[]
6,truck6,"[137.84583125,35.49804494]",30,[],,[3085],"[0, 36000]","[0,1]",[]
