,name,start,start_index,end,end_index,capacity,time_window,skills,breaks
0,truck0,"[139.49149965,36.00356841]",20,"[139.49149965,36.00356841]",20,[4546],"[0, 36000]",[0],[]
1,truck1,"[139.49149965,36.00356841]",20,"[139.49149965,36.00356841]",20,[4546],"[0, 36000]","[0,1]",[]
2,truck2,"[139.49149965,36.00356841]",20,"[139.49149965,36.00356841]",20,[4546],"[0, 36000]","[0,1]",[]
