,name,start,start_index,end,end_index,capacity,time_window,skills,breaks
0,truck0,"[139.74548574,36.01159379]",16,"[139.74548574,36.01159379]",16,[2785],"[0, 36000]",[0],[0]
1,truck1,"[139.74548574,36.01159379]",16,"[139.74548574,36.01159379]",16,[2785],"[0, 36000]",[0],[0]
2,truck2,"[139.74548574,36.01159379]",16,"[139.74548574,36.01159379]",16,[2785],"[0, 36000]",[0],[0]
3,truck3,"[139.74548574,36.01159379]",16,"[139.74548574,36.01159379]",16,[2785],"[0, 36000]",[0],[0]
4,truck4,"[139.74548574,36.01159379]",16,"[139.74548574,36.01159379]",16,[2785],"[0, 36000]",[0],[0]
5,truck5,"[139.74548574,36.01159379]",16,"[139.74548574,36.01159379]",16,[2785],"[0, 36000]",[0],[0]
